id,name,company,salaty,job_experience,url
121109107,Data scientist ML,Ростелеком,0,От 1 года до 3 лет,https://hh.ru/vacancy/121109107
120906838,Data Scientist,Lime Credit Group,0,От 1 года до 3 лет,https://hh.ru/vacancy/120906838
120862685,Data Scientist,ВТБ Капитал,0,От 1 года до 3 лет,https://hh.ru/vacancy/120862685
120895716,Data Scientist,МПС софт,0,От 1 года до 3 лет,https://hh.ru/vacancy/120895716
121091087,Junior ML Engineer / Data scientist (Младший специалист МО),Инфосистемы Джет,0,От 1 года до 3 лет,https://hh.ru/vacancy/121091087
120974042,Аналитик данных (работа с ИИ),Галс-Девелопмент,0,От 1 года до 3 лет,https://hh.ru/vacancy/120974042
120966179,Data Scientist (команда Growth),Домклик,0,От 1 года до 3 лет,https://hh.ru/vacancy/120966179
120872744,Аналитик (AI проекты),СберЗдоровье,0,Нет опыта,https://hh.ru/vacancy/120872744
120868238,Аналитик данных / Инженер данных/ Data Scientist / Data Analyst / Data engineer,СтандартПроект,0,От 1 года до 3 лет,https://hh.ru/vacancy/120868238
121108633,Data scientist NLP,Ростелеком,0,От 1 года до 3 лет,https://hh.ru/vacancy/121108633
121084545,Data scientist (риск-моделирование),Recruitment Boutique S.M.Art,0,От 3 до 6 лет,https://hh.ru/vacancy/121084545
118570463,Младший специалист по анализу данных / Junior Data Scientist,Okkam,0,От 1 года до 3 лет,https://hh.ru/vacancy/118570463
120915452,Главный аналитик (Data Scientist),Аэрофлот,0,От 1 года до 3 лет,https://hh.ru/vacancy/120915452
120815344,Data Scientist в трейдинг,Changellenge,0,Нет опыта,https://hh.ru/vacancy/120815344
120803675,Data Scientist,Lens Consulting,0,От 1 года до 3 лет,https://hh.ru/vacancy/120803675
120725934,Data Scientist Computer Vision,Социальная карта,0,От 1 года до 3 лет,https://hh.ru/vacancy/120725934
120986075,Data Scientist,Детский мир,0,От 3 до 6 лет,https://hh.ru/vacancy/120986075
120576000,Junior Data Scientist,Kept (Кэпт),0,От 1 года до 3 лет,https://hh.ru/vacancy/120576000
121066319,Data Scientist,Лига Цифровой Экономики,0,От 3 до 6 лет,https://hh.ru/vacancy/121066319
120815212,Data Scientist в трейдинг,Changellenge,0,Нет опыта,https://hh.ru/vacancy/120815212
119842690,Data Scientist,Koronatech,0,От 1 года до 3 лет,https://hh.ru/vacancy/119842690
120923505,Data scientist (Middle),Employcity,0,От 1 года до 3 лет,https://hh.ru/vacancy/120923505
121041558,Data Scientist,Спортлевел,0,От 3 до 6 лет,https://hh.ru/vacancy/121041558
120389801,"Data Scientist/Разработчик машинного обучения (ML, NLP, LLM) Middle",B2B-Center,0,От 1 года до 3 лет,https://hh.ru/vacancy/120389801
121032246,"Data Scientist, Картиночный поиск",Ozon,0,От 1 года до 3 лет,https://hh.ru/vacancy/121032246
120228853,Data Scientist,1221Системс,0,От 1 года до 3 лет,https://hh.ru/vacancy/120228853
120277951,Data Scientist (Стажёр),Лаборатория Касперского,0,Нет опыта,https://hh.ru/vacancy/120277951
118549567,Стажер - Data Scientist,Эр-1,0,Нет опыта,https://hh.ru/vacancy/118549567
120361639,Data Scientist (исследователь данных) в блок Транзакционного банкинга,СБЕР,0,От 1 года до 3 лет,https://hh.ru/vacancy/120361639
121097987,Middle Data Scientist,Медиапоинт,0,От 3 до 6 лет,https://hh.ru/vacancy/121097987
121100286,Middle Data Scientist,WILDBERRIES,0,От 1 года до 3 лет,https://hh.ru/vacancy/121100286
120525843,Junior Data Scientist (Стажер),Центр финансовых технологий,0,Нет опыта,https://hh.ru/vacancy/120525843
120361690,Руководитель команды Data Scientist (транзакционный банкинг),СБЕР,0,От 3 до 6 лет,https://hh.ru/vacancy/120361690
120905857,Стажер Data Scientist в команду моделирования корпоративно - инвестиционного бизнеса,Банк ВТБ (ПАО),0,Нет опыта,https://hh.ru/vacancy/120905857
117355090,Data Scientist в команду риск - моделирования для сегментов корпоративного и/или малого бизнеса,Банк ВТБ (ПАО),0,От 1 года до 3 лет,https://hh.ru/vacancy/117355090
119606560,Data Scientist в команду Экосистемы Газпромбанка,Газпромбанк,0,От 1 года до 3 лет,https://hh.ru/vacancy/119606560
120998487,"ML-инженер / Data Scientist (скоринг, микрозаймы)",Микрокредитная Компания Диджитал Мани,0,Более 6 лет,https://hh.ru/vacancy/120998487
119789538,Data Analyst/Data Scientist (RuBackup),Группа компаний Астра,0,От 1 года до 3 лет,https://hh.ru/vacancy/119789538
121123758,Data Scientist/ ML Engineer на Интеллектуальную платформу коммуникации,X5 Tech,0,От 3 до 6 лет,https://hh.ru/vacancy/121123758
120959412,Data Scientist,WILDBERRIES,0,От 1 года до 3 лет,https://hh.ru/vacancy/120959412
120729981,Data Scientist,Презент Симпл,0,От 1 года до 3 лет,https://hh.ru/vacancy/120729981
119335005,Data scientist (команды CRM и модели оптимизации),Банк ВТБ (ПАО),0,От 1 года до 3 лет,https://hh.ru/vacancy/119335005
121086512,Data Scientist Senior/ Team lead,metaLead,0,От 3 до 6 лет,https://hh.ru/vacancy/121086512
120405009,Data Scientist middle,Бюро кредитных историй Скоринг Бюро,0,От 3 до 6 лет,https://hh.ru/vacancy/120405009
120863122,Data Engineer/Data Scientist,Альфа-Банк,0,От 3 до 6 лет,https://hh.ru/vacancy/120863122
120647157,Data Scientist LLM (GMMC),СБЕРКОРУС,0,От 1 года до 3 лет,https://hh.ru/vacancy/120647157
120325505,Data Scientist,Dolphin,0,От 3 до 6 лет,https://hh.ru/vacancy/120325505
120526074,Junior Data Scientist (Стажер),Центр финансовых технологий,0,Нет опыта,https://hh.ru/vacancy/120526074
117796801,Data Scientist,Альфа-Банк,0,От 1 года до 3 лет,https://hh.ru/vacancy/117796801
121067710,Data Scientist (процессные и финансовые модели),Банк ВТБ (ПАО),0,От 1 года до 3 лет,https://hh.ru/vacancy/121067710
120632804,Petroleum Data Scientist (Upstream R&D) / Специалист по машинному обучению,Aramco Innovations,0,Более 6 лет,https://hh.ru/vacancy/120632804
120820930,"Data Scientist, Anti-Fraud, Ozon Bank",Ozon,0,От 3 до 6 лет,https://hh.ru/vacancy/120820930
119856761,Data Scientist (Корпоративные кредитные риски),Банк ВТБ (ПАО),0,От 1 года до 3 лет,https://hh.ru/vacancy/119856761
120219162,Аналитик данных,Linde,0,От 3 до 6 лет,https://hh.ru/vacancy/120219162
115999151,Аналитик данных (Data Scientist),Газпром нефть,0,От 1 года до 3 лет,https://hh.ru/vacancy/115999151
120306513,"Data Scientist, Моделирование продуктов В2С, Ozon Bank",Ozon,0,От 1 года до 3 лет,https://hh.ru/vacancy/120306513
120414717,Data Scientist,ГУП Московский социальный регистр,0,От 1 года до 3 лет,https://hh.ru/vacancy/120414717
120989563,Data Scientist в Trust&Safety (Wildberries),WILDBERRIES,0,От 3 до 6 лет,https://hh.ru/vacancy/120989563
119624423,Data Scientist (Middle+/Senior),СберМедИИ,0,От 3 до 6 лет,https://hh.ru/vacancy/119624423
120862080,Data Scientist (риски),Ингосстрах,0,От 3 до 6 лет,https://hh.ru/vacancy/120862080
121078073,"Старший специалист МО (ML Engineer / Data Scientist, видеоаналитика, CV)",Инфосистемы Джет,0,От 3 до 6 лет,https://hh.ru/vacancy/121078073
120525960,Junior Data Scientist (Стажер),Центр финансовых технологий,0,Нет опыта,https://hh.ru/vacancy/120525960
116416326,Старший data scientist (ML),Совкомбанк,0,От 1 года до 3 лет,https://hh.ru/vacancy/116416326
115399559,"Data Scientist, Оптимизация коммуникаций",Ozon,0,От 1 года до 3 лет,https://hh.ru/vacancy/115399559
120267881,Специалист по машинному обучению и ИИ/ Data Scientist в команду RecSys (middle),Литрес,0,От 1 года до 3 лет,https://hh.ru/vacancy/120267881
118073500,Data Scientist (middle),Газпром нефть,0,От 1 года до 3 лет,https://hh.ru/vacancy/118073500
120240958,Data Scientist/Дата-сайентист,Мокка,0,От 3 до 6 лет,https://hh.ru/vacancy/120240958
121071193,"Старший Data Scientist, RND проекты поиска",Ozon,0,От 3 до 6 лет,https://hh.ru/vacancy/121071193
120017307,Data Scientist (Computer Vision),Крым Диджитал Груп,0,От 3 до 6 лет,https://hh.ru/vacancy/120017307
120820931,"Data Scientist, Anti-Fraud, Ozon Bank",Ozon,0,От 3 до 6 лет,https://hh.ru/vacancy/120820931
118310517,Data Scientist (Classic ML/NLP),Компания БКС,0,От 3 до 6 лет,https://hh.ru/vacancy/118310517
120473027,Senior Data Scientist (Старший специалист по машинному обучению),МегаФон,0,От 3 до 6 лет,https://hh.ru/vacancy/120473027
119842731,Data Engineer,Koronatech,0,От 3 до 6 лет,https://hh.ru/vacancy/119842731
120388723,Data Scientist (RecSys),KAMAZ DIGITAL,0,От 3 до 6 лет,https://hh.ru/vacancy/120388723
120852100,Data Scientist,Группа НЛМК,0,От 3 до 6 лет,https://hh.ru/vacancy/120852100
120752797,Junior data scientist,Центральный банк Российской Федерации (Банк России),0,От 1 года до 3 лет,https://hh.ru/vacancy/120752797
119649229,Аналитик данных/Data Scientist,Финко,0,От 1 года до 3 лет,https://hh.ru/vacancy/119649229
120220633,Дата Саентист (Data Scientist),Mr.Flip,0,От 3 до 6 лет,https://hh.ru/vacancy/120220633
120603765,Data Engineer,МосТрансПроект,0,От 1 года до 3 лет,https://hh.ru/vacancy/120603765
120856977,Senior Data Scientist,РСХБ-Интех,0,От 3 до 6 лет,https://hh.ru/vacancy/120856977
120507612,Data Scientist/ Дата-сайентист (RAG/LLM/NLP),МАГ Девелопмент,0,От 3 до 6 лет,https://hh.ru/vacancy/120507612
120108943,Аналитик данных/Продуктовый аналитик/Data Scientist (Python),Яндекс,0,От 3 до 6 лет,https://hh.ru/vacancy/120108943
120752722,Data Scientist / NLP Engineer,Дельта Джи,0,От 3 до 6 лет,https://hh.ru/vacancy/120752722
120505195,Data Scientist / Machine Learning Engineer middle,Центр Методического Обеспечения Оптимизации Процессов Государственного Управления в Московской области,0,От 1 года до 3 лет,https://hh.ru/vacancy/120505195
120811194,Data Scientist (в Белград),STARTRIBE LTD,0,От 3 до 6 лет,https://hh.ru/vacancy/120811194
120412473,Аналитик данных,Linde,0,От 3 до 6 лет,https://hh.ru/vacancy/120412473
120837126,"Middle/Senior Data Scientist в Dynamic Pricing Platform [Big Data, МТС Веб Сервисы]",МТС,0,От 3 до 6 лет,https://hh.ru/vacancy/120837126
118869999,Data Analyst/Data Scientist в команду Внепродуктовой аналитики,X5 Tech,0,От 3 до 6 лет,https://hh.ru/vacancy/118869999
120855552,Data Scientist middle/senior,X5 Tech,0,От 3 до 6 лет,https://hh.ru/vacancy/120855552
120590087,Data Scientist (Модели CRM),Т1,0,От 3 до 6 лет,https://hh.ru/vacancy/120590087
119706210,Data Scientist (риск-моделирование),Центральный банк Российской Федерации (Банк России),0,От 1 года до 3 лет,https://hh.ru/vacancy/119706210
121090077,Data Scientist,ИЦ АЙ-ТЕКО,0,От 3 до 6 лет,https://hh.ru/vacancy/121090077
119578529,Data Scientist (ML Платформа),X5 Digital,0,От 3 до 6 лет,https://hh.ru/vacancy/119578529
120526155,Junior Data Scientist (Стажер),Центр финансовых технологий,0,Нет опыта,https://hh.ru/vacancy/120526155
120683183,Data Scientist (ПВР),Т1,0,От 3 до 6 лет,https://hh.ru/vacancy/120683183
119498854,Senior/Team Lead Data Scientist,РТ-Информационная безопасность,0,От 3 до 6 лет,https://hh.ru/vacancy/119498854
119884674,Data Scientist,РобоФинанс,0,От 3 до 6 лет,https://hh.ru/vacancy/119884674
117487440,Data Scientist/ML Engineer,X5 Digital,0,От 3 до 6 лет,https://hh.ru/vacancy/117487440
120562738,Data Scientist Team Lead / Дата сайентист (Ведущий),Рекрутинговое агентство The One,0,Более 6 лет,https://hh.ru/vacancy/120562738
120210942,Data Scientist,Банки.ру,0,От 3 до 6 лет,https://hh.ru/vacancy/120210942
121068646,Senior Data Scientist (LLM),Московская Биржа,0,От 3 до 6 лет,https://hh.ru/vacancy/121068646
120666540,"Senior NLP Engineer / NLP Data Scientist (LLM, GigaChat)",СБЕР,0,От 1 года до 3 лет,https://hh.ru/vacancy/120666540
120497188,Data scientist,ИЦ АЙ-ТЕКО,0,От 3 до 6 лет,https://hh.ru/vacancy/120497188
118643621,Middle/Senior Data Scientist,WILDBERRIES,0,От 3 до 6 лет,https://hh.ru/vacancy/118643621
120731309,"Data Scientist, Группа прогнозирования и оптимизации, Ozon Fresh",Ozon,0,От 3 до 6 лет,https://hh.ru/vacancy/120731309
120622025,Senior Data Scientist / Инженер машинного обучения в команду моделей для логистики,WILDBERRIES,0,От 3 до 6 лет,https://hh.ru/vacancy/120622025
118982234,Data Scientist NLP,СберПраво,0,От 1 года до 3 лет,https://hh.ru/vacancy/118982234
115496430,"Старший Data Scientist, Эффективность рекламы",Ozon,0,От 3 до 6 лет,https://hh.ru/vacancy/115496430
120596713,Data Scientist (Рекомендательные системы),1221Системс,0,От 3 до 6 лет,https://hh.ru/vacancy/120596713
120266086,Data Scientist/Специалист по обработке данных (NLP),Ингосстрах,0,От 3 до 6 лет,https://hh.ru/vacancy/120266086
120513692,Data Scientist / ML - инженер,ИЦ АЙ-ТЕКО,0,От 3 до 6 лет,https://hh.ru/vacancy/120513692
120427696,Data Scientist NLP (портал gosuslugi.ru),РТЛабс,0,От 3 до 6 лет,https://hh.ru/vacancy/120427696
120269262,Senior Data Scientist / Промо,"МАГНИТ, Розничная сеть",0,От 3 до 6 лет,https://hh.ru/vacancy/120269262
120389580,Senior Data Scientist / Промо,"МАГНИТ, Розничная сеть",0,От 3 до 6 лет,https://hh.ru/vacancy/120389580
120703243,Data Scientist (NLP),Медиапоинт,0,От 3 до 6 лет,https://hh.ru/vacancy/120703243
120804163,"Старший Data Scientist, Отбор кандидатов",Ozon,0,От 3 до 6 лет,https://hh.ru/vacancy/120804163
119634268,Data Scientist (SaluteSpeech),СБЕР,0,От 3 до 6 лет,https://hh.ru/vacancy/119634268
119479295,Data Scientist / ML - инженер,ИЦ АЙ-ТЕКО,0,От 3 до 6 лет,https://hh.ru/vacancy/119479295
120538489,Data Scientist (Специалист по языковым моделям),СберМобайл,0,От 3 до 6 лет,https://hh.ru/vacancy/120538489
118298668,Middle/Senior Data Scientist в команду ETA/RTA,2ГИС,0,От 3 до 6 лет,https://hh.ru/vacancy/118298668
120621759,"Lead Data Scientist [Платформа жизненных сценариев, МТС Веб Сервисы]",МТС,0,Более 6 лет,https://hh.ru/vacancy/120621759
119683696,Data Scientist (Ranking&Search),Lamoda Tech,0,От 3 до 6 лет,https://hh.ru/vacancy/119683696
120447462,Senior Business Analyst,Платформа Сейлз Чейн,0,От 3 до 6 лет,https://hh.ru/vacancy/120447462
118309827,Data Scientist (GenAI),Компания БКС,0,От 3 до 6 лет,https://hh.ru/vacancy/118309827
112852766,"Старший Data Scientist, Факторы ранжирования",Ozon,0,От 3 до 6 лет,https://hh.ru/vacancy/112852766
116457750,"Старший Data Scientist, Рекомендации и персонализация",Ozon,0,От 3 до 6 лет,https://hh.ru/vacancy/116457750
120605790,Старший инженер машинного обучения в Core LLM,WILDBERRIES,0,Более 6 лет,https://hh.ru/vacancy/120605790
119397195,ML Engineer/Data Scientist платформа КД Макс (Ценообразование),X5 Tech,0,От 3 до 6 лет,https://hh.ru/vacancy/119397195
119556787,Data Scientist (AI Stylist),Lamoda Tech,0,От 3 до 6 лет,https://hh.ru/vacancy/119556787
115480005,Data analyst/data scientist на продукт HR MAX,X5 Tech,0,От 3 до 6 лет,https://hh.ru/vacancy/115480005
119902261,"Старший Data Scientist, Группа анализа и валидации экспериментов",Ozon,0,От 3 до 6 лет,https://hh.ru/vacancy/119902261
119038333,Senior Data Scientist (RL),Ecom.tech,0,От 3 до 6 лет,https://hh.ru/vacancy/119038333
120306373,Senior Data Scientist Researcher (Старший исследователь в области Data Science),РУСАЛ,0,От 3 до 6 лет,https://hh.ru/vacancy/120306373
120771734,Data Scientist,YADRO,0,От 3 до 6 лет,https://hh.ru/vacancy/120771734
118916097,"Старший Data Scientist, Построение запросов",Ozon,0,От 3 до 6 лет,https://hh.ru/vacancy/118916097
120371820,Data Scientist в команду Пополнения,X5 Tech,0,От 3 до 6 лет,https://hh.ru/vacancy/120371820
119731668,Lead AI Engineer / Data Scientist,Газпромнефть-Региональные продажи,0,Более 6 лет,https://hh.ru/vacancy/119731668
120666522,"Senior Data Scientist в команду ""Разработка AI-решений БСР""",СБЕР,0,От 3 до 6 лет,https://hh.ru/vacancy/120666522
120665540,"Senior Data Scientist в команду ""Разработка AI-решений БСР""",СБЕР,0,От 3 до 6 лет,https://hh.ru/vacancy/120665540
120292552,Senior Data Scientist в команду предиктивной аналитики,VK,0,От 3 до 6 лет,https://hh.ru/vacancy/120292552
120837543,"Senior Data Scientist (ML Pricing), Модели матчинга",Ozon,0,От 3 до 6 лет,https://hh.ru/vacancy/120837543
118298669,Middle/Senior Data Scientist в команду ETA/RTA,2ГИС,0,От 3 до 6 лет,https://hh.ru/vacancy/118298669
119542285,Senior/Lead Data Scientist (LLM),Diamond Personnel R&C,0,Более 6 лет,https://hh.ru/vacancy/119542285
120714219,Data Scientist,СБЕР,0,От 3 до 6 лет,https://hh.ru/vacancy/120714219
119927833,Data Scientist/ML Engineer,"Hi, Rockits!",0,От 3 до 6 лет,https://hh.ru/vacancy/119927833
120017224,"Data Scientist (NLP, LLM)",Крым Диджитал Груп,0,От 3 до 6 лет,https://hh.ru/vacancy/120017224
120071256,Senior Data Scientist / старший аналитик-исследователь в команду ж/д,Туту,0,От 3 до 6 лет,https://hh.ru/vacancy/120071256
120665475,"Senior Data Scientist (NLP, ИИ-агенты) в блок ""Стратегия и Развитие"")",СБЕР,0,От 3 до 6 лет,https://hh.ru/vacancy/120665475
120719206,Senior Data Scientist,МФО ОнлайнКазФинанс (ТМ Solva),0,От 3 до 6 лет,https://hh.ru/vacancy/120719206
115397207,"Старший Data Scientist, Рекламный аукцион и управление ставками",Ozon,0,От 3 до 6 лет,https://hh.ru/vacancy/115397207
120643480,Data Engineer,ИЦ АЙ-ТЕКО,0,Более 6 лет,https://hh.ru/vacancy/120643480
120665524,"Middle Data Scientist в команду ""Разработка AI-решений БСР""",СБЕР,0,От 1 года до 3 лет,https://hh.ru/vacancy/120665524
98275778,"Старший Data Scientist, Ранжирование",Ozon,0,От 3 до 6 лет,https://hh.ru/vacancy/98275778
120666474,"Senior NLP, LLM Data Scientist",СБЕР,0,От 3 до 6 лет,https://hh.ru/vacancy/120666474
120693509,Senior Data Scientist в команду аналитики профилей в AI VK,VK,0,От 1 года до 3 лет,https://hh.ru/vacancy/120693509
120373276,Senior Data scientist / Старший эконометрист,Okkam,0,От 3 до 6 лет,https://hh.ru/vacancy/120373276
118917456,Senior Data Scientist в Товарные рекомендации,WILDBERRIES,0,От 3 до 6 лет,https://hh.ru/vacancy/118917456
120125250,"Data Scientist (классический ML, Антифрод)",Житняков Денис,0,От 3 до 6 лет,https://hh.ru/vacancy/120125250
120371131,Middle/Senior Data Scientist / ML Engineer в команду Прогноза промо-продаж,X5 Tech,0,От 3 до 6 лет,https://hh.ru/vacancy/120371131
116376738,Data scientist,AMarkets,0,От 3 до 6 лет,https://hh.ru/vacancy/116376738
120629937,Team Lead Data Scientist (RecSys),СБЕР,0,От 3 до 6 лет,https://hh.ru/vacancy/120629937
119964588,Senior Research Scientist (to Montenegro),Tungsten Montenegro DOO Podgorica,0,От 3 до 6 лет,https://hh.ru/vacancy/119964588
119332755,Data Scientist (Senior),ПКО АйДи Коллект,0,От 3 до 6 лет,https://hh.ru/vacancy/119332755
120655579,AI-СПЕЦИАЛИСТ (Data Scientist + ML Engineer),ТендерПроКонсалт,0,От 3 до 6 лет,https://hh.ru/vacancy/120655579
120606391,Senior Data Scientist (Customer Value Proposition),Lamoda Tech,0,От 3 до 6 лет,https://hh.ru/vacancy/120606391
118605376,Senior ML-инженер (Recommendation Systems),WILDBERRIES,0,От 3 до 6 лет,https://hh.ru/vacancy/118605376
120378017,"Старший системный аналитик (SCADA, Qgis)",ГКУ Инфогород,0,От 3 до 6 лет,https://hh.ru/vacancy/120378017
119377776,Senior ML Engineer / Data scientist (Ведущий ML-инженер),Инфосистемы Джет,0,От 3 до 6 лет,https://hh.ru/vacancy/119377776
119277888,Senior Data Scientist (NLP ML Autotasking),АВИТО ТЕХ,0,От 3 до 6 лет,https://hh.ru/vacancy/119277888
113763738,"Senior Data Scientist (NLP, LLM, VLM), Модели матчинга",Ozon,0,От 3 до 6 лет,https://hh.ru/vacancy/113763738
119961214,Senior Data Scientist (Rec. system),Okko,0,От 3 до 6 лет,https://hh.ru/vacancy/119961214
120462986,Team Lead Data Scientist,Циан,0,От 3 до 6 лет,https://hh.ru/vacancy/120462986
119739188,Senior Data Scientist/Data Analyst на продукт Ценообразование,X5 Tech,0,Более 6 лет,https://hh.ru/vacancy/119739188
120102563,Team Lead MLOps,Звук,0,От 3 до 6 лет,https://hh.ru/vacancy/120102563
120619012,Senior Data Scientist/ML Engineer в команду Чековой аналитики,X5 Tech,0,Более 6 лет,https://hh.ru/vacancy/120619012
118562501,"Автор на курс ""Специалист по Data Science""",Яндекс Практикум,0,От 3 до 6 лет,https://hh.ru/vacancy/118562501
115144362,Team Lead Data Scientist,Циан,0,От 3 до 6 лет,https://hh.ru/vacancy/115144362
119959811,Data Scientist в Сетку,HeadHunter,0,От 3 до 6 лет,https://hh.ru/vacancy/119959811
117704951,Senior Data Scientist (Search & Recommendation),Циан,0,От 3 до 6 лет,https://hh.ru/vacancy/117704951
119961233,Senior Data Scientist (Rec. system),Okko,0,От 3 до 6 лет,https://hh.ru/vacancy/119961233
118971562,Team Lead RND / Senior Data Scientist NLP,СберПраво,0,От 3 до 6 лет,https://hh.ru/vacancy/118971562
116084385,Senior Data Scientist в команду LLM-разметки в AI VK,VK,0,От 3 до 6 лет,https://hh.ru/vacancy/116084385
121083089,Руководитель отдела срм и аналитики,Mercury,0,Более 6 лет,https://hh.ru/vacancy/121083089
120895957,Аналитик данных (Data Analyst),Qugo,0,От 1 года до 3 лет,https://hh.ru/vacancy/120895957
120921723,Системный аналитик,ОТР Проекты,0,От 1 года до 3 лет,https://hh.ru/vacancy/120921723
120557419,Младший дата аналитик/ Junior data аnalyst,Медиапоинт,0,От 1 года до 3 лет,https://hh.ru/vacancy/120557419
121091087,Junior ML Engineer / Data scientist (Младший специалист МО),Инфосистемы Джет,0,От 1 года до 3 лет,https://hh.ru/vacancy/121091087
120868098,Аналитик данных,Солар,0,От 1 года до 3 лет,https://hh.ru/vacancy/120868098
121098247,Data Analyst / Fixed Income Analyst (junior),EGAR,0,Нет опыта,https://hh.ru/vacancy/121098247
120993024,Аналитик по управлению данными,МТС Финтех,0,Нет опыта,https://hh.ru/vacancy/120993024
120974042,Аналитик данных (работа с ИИ),Галс-Девелопмент,0,От 1 года до 3 лет,https://hh.ru/vacancy/120974042
121072089,Data Analyst \ Аналитик данных,«UZUM TECHNOLOGIES»,0,От 3 до 6 лет,https://hh.ru/vacancy/121072089
120697257,Младший аналитик данных / Junior Data Analyst,Mediascope,0,От 1 года до 3 лет,https://hh.ru/vacancy/120697257
120836999,Head of analytics (Директор по аналитике),Karuna,0,Более 6 лет,https://hh.ru/vacancy/120836999
120995212,Data-аналитик,LOYMAX AI,0,От 1 года до 3 лет,https://hh.ru/vacancy/120995212
120316369,Data Engineer (Middle),Bnovo,0,От 3 до 6 лет,https://hh.ru/vacancy/120316369
120872744,Аналитик (AI проекты),СберЗдоровье,0,Нет опыта,https://hh.ru/vacancy/120872744
120856195,Data Analyst (Perfluence),Rambler&Co,0,От 1 года до 3 лет,https://hh.ru/vacancy/120856195
121023782,Аналитик на проект голосовых сервисов,Совкомбанк Технологии,0,От 1 года до 3 лет,https://hh.ru/vacancy/121023782
121069778,Аналитик на проект голосовых сервисов,Совкомбанк Технологии,0,От 1 года до 3 лет,https://hh.ru/vacancy/121069778
120868238,Аналитик данных / Инженер данных/ Data Scientist / Data Analyst / Data engineer,СтандартПроект,0,От 1 года до 3 лет,https://hh.ru/vacancy/120868238
121109073,Data Engineer (ML/LLM проекты),ВсеИнструменты.ру,0,От 1 года до 3 лет,https://hh.ru/vacancy/121109073
120224760,Бизнес-системный аналитик,Data-Driven Lab,0,От 1 года до 3 лет,https://hh.ru/vacancy/120224760
120859472,Data Analyst,T2,0,От 1 года до 3 лет,https://hh.ru/vacancy/120859472
120696921,Системный аналитик,СберСити,0,От 1 года до 3 лет,https://hh.ru/vacancy/120696921
120247650,Аналитик DWH,BMW,0,От 3 до 6 лет,https://hh.ru/vacancy/120247650
120974424,Руководитель BI аналитики (Купер),Ecom.tech,0,Более 6 лет,https://hh.ru/vacancy/120974424
121085334,SQL-разработчик (Senior),WMT,0,От 3 до 6 лет,https://hh.ru/vacancy/121085334
120869723,Data Analyst (DWH),DENUM GROUP,0,От 1 года до 3 лет,https://hh.ru/vacancy/120869723
120905740,Data Analyst / Аналитик данных,Ваш KPI,0,От 3 до 6 лет,https://hh.ru/vacancy/120905740
120880760,BI-аналитик / Аналитик данных,Циан,0,От 3 до 6 лет,https://hh.ru/vacancy/120880760
120997106,Аналитик данных BI (Tableau),Спортмастер,0,От 1 года до 3 лет,https://hh.ru/vacancy/120997106
121089148,Аналитик данных,Bell Integrator Регионы,0,От 1 года до 3 лет,https://hh.ru/vacancy/121089148
121034579,Руководитель направления аналитики,metaLead,0,От 3 до 6 лет,https://hh.ru/vacancy/121034579
118712822,Data Analyst,GlowByte,0,От 1 года до 3 лет,https://hh.ru/vacancy/118712822
119920669,Data analyst / Аналитик данных,"Hi, Rockits!",0,Нет опыта,https://hh.ru/vacancy/119920669
119780871,Системный / Бизнес аналитик (Fullstack analyst),MPSTATS,0,От 3 до 6 лет,https://hh.ru/vacancy/119780871
118570463,Младший специалист по анализу данных / Junior Data Scientist,Okkam,0,От 1 года до 3 лет,https://hh.ru/vacancy/118570463
121087435,Аналитик данных в команду Big Data,Navio (ООО Автотех),0,От 3 до 6 лет,https://hh.ru/vacancy/121087435
120863837,Data Analyst (mobile games),Crazy Panda,0,От 1 года до 3 лет,https://hh.ru/vacancy/120863837
120915452,Главный аналитик (Data Scientist),Аэрофлот,0,От 1 года до 3 лет,https://hh.ru/vacancy/120915452
120995213,Data-аналитик,LOYMAX AI,0,От 1 года до 3 лет,https://hh.ru/vacancy/120995213
120540433,Системный аналитик (DataPlatform BigData),Cloud.ru,0,Нет опыта,https://hh.ru/vacancy/120540433
119417495,BI-аналитик,TWIGA Communication Group,0,От 1 года до 3 лет,https://hh.ru/vacancy/119417495
120836127,Аналитик данных,М.Видео-Эльдорадо,0,От 1 года до 3 лет,https://hh.ru/vacancy/120836127
120071390,Data Engineer,BLACKHUB GAMES,0,От 3 до 6 лет,https://hh.ru/vacancy/120071390
120803675,Data Scientist,Lens Consulting,0,От 1 года до 3 лет,https://hh.ru/vacancy/120803675
120574376,Дата-аналитик,Честный знак.рф,0,От 1 года до 3 лет,https://hh.ru/vacancy/120574376
120346249,Продуктовый аналитик,Aviasales.ru,0,От 1 года до 3 лет,https://hh.ru/vacancy/120346249
121111509,Ведущий аналитик по направлению BI и управления данными,Группа RBI,0,От 1 года до 3 лет,https://hh.ru/vacancy/121111509
120920282,Системный аналитик (микросервисы и архитектура),Lofty.,0,От 3 до 6 лет,https://hh.ru/vacancy/120920282
120754851,Аналитик данных ML-Engineer (Data Science),Аналитические программные решения,0,От 1 года до 3 лет,https://hh.ru/vacancy/120754851
120858990,Аналитик данных,Т1,0,От 1 года до 3 лет,https://hh.ru/vacancy/120858990
121076029,Analytics Team Lead,Ок Софт,0,От 3 до 6 лет,https://hh.ru/vacancy/121076029
120295299,Системный аналитик,Metaratings,0,От 1 года до 3 лет,https://hh.ru/vacancy/120295299
120994323,Data analyst / data engineer,Bell Integrator,0,От 1 года до 3 лет,https://hh.ru/vacancy/120994323
120831450,Data Engineer,Oil and Gas Production Tools,0,От 3 до 6 лет,https://hh.ru/vacancy/120831450
121048646,"Аналитик данных (рекомендательные системы, персонализация)",Ozon,0,От 1 года до 3 лет,https://hh.ru/vacancy/121048646
120928758,Системный аналитик,Цифровой аудит,0,От 3 до 6 лет,https://hh.ru/vacancy/120928758
120988551,Аналитик DWH/BI,Navicon,0,От 1 года до 3 лет,https://hh.ru/vacancy/120988551
120922129,Data Engineer (Сербия),STARTRIBE LTD,0,От 1 года до 3 лет,https://hh.ru/vacancy/120922129
120837000,Head of analytics (Директор по аналитике),Karuna,0,Более 6 лет,https://hh.ru/vacancy/120837000
121032246,"Data Scientist, Картиночный поиск",Ozon,0,От 1 года до 3 лет,https://hh.ru/vacancy/121032246
120214513,Data аналитик,РСХБ-Интех,0,От 1 года до 3 лет,https://hh.ru/vacancy/120214513
120881824,Системный аналитик,ГКУ «Центр цифровой трансформации РТ»,0,От 1 года до 3 лет,https://hh.ru/vacancy/120881824
119592656,Аналитик данных / Инженер по качеству данных,X5 Tech,0,От 1 года до 3 лет,https://hh.ru/vacancy/119592656
121031503,"Аналитик данных (Последняя миля, ПВЗ)",Ozon,0,От 1 года до 3 лет,https://hh.ru/vacancy/121031503
120208628,Системный аналитик,Magenta Technology,0,От 1 года до 3 лет,https://hh.ru/vacancy/120208628
120521299,Количественный аналитик/трейдер,Quanthill,0,От 3 до 6 лет,https://hh.ru/vacancy/120521299
120848530,Технический бизнес-аналитик (автоматизация процессов),Цифровой аудит,0,От 3 до 6 лет,https://hh.ru/vacancy/120848530
119937595,Аналитик данных,Государственное бюджетное учреждение Республики Саха (Якутия) Республиканский центр инфокоммуникационных технологий,0,От 1 года до 3 лет,https://hh.ru/vacancy/119937595
120582023,Data analyst,Aviasales.ru,0,От 3 до 6 лет,https://hh.ru/vacancy/120582023
120752731,Junior Data analyst,Game Forest,0,От 1 года до 3 лет,https://hh.ru/vacancy/120752731
121047852,Data analyst / Бизнес (BI)-аналитик,Арнест ЮниРусь,0,От 3 до 6 лет,https://hh.ru/vacancy/121047852
121047872,Data analyst / Бизнес (BI)-аналитик,Арнест ЮниРусь,0,От 3 до 6 лет,https://hh.ru/vacancy/121047872
121123661,Data Steward в Data Office,WILDBERRIES,0,От 1 года до 3 лет,https://hh.ru/vacancy/121123661
120878264,BI-аналитик,VOXYS,0,От 1 года до 3 лет,https://hh.ru/vacancy/120878264
120313496,"Системный аналитик (REST API, Kafka, интеграции)",Клауд Солюшенс,0,От 3 до 6 лет,https://hh.ru/vacancy/120313496
120854537,Data analyst / Аналитик данных,X5 Tech,0,От 3 до 6 лет,https://hh.ru/vacancy/120854537
119833606,Дата-инженер (Junior),Т-Банк,0,От 1 года до 3 лет,https://hh.ru/vacancy/119833606
121018143,AI/ML Product manager/Business Analyst,High Sky,0,От 3 до 6 лет,https://hh.ru/vacancy/121018143
120837157,Power BI & Data Аналитик,AIRECRUITMENT,0,От 1 года до 3 лет,https://hh.ru/vacancy/120837157
120531362,Data Analyst,Sape,0,От 1 года до 3 лет,https://hh.ru/vacancy/120531362
118976810,Руководитель аналитиков отчетности,Крупная FMCG компания,0,Нет опыта,https://hh.ru/vacancy/118976810
119833695,Дата-инженер (Junior),Т-Банк,0,От 1 года до 3 лет,https://hh.ru/vacancy/119833695
120436057,Младший Data-аналитик,СБЕР,0,Нет опыта,https://hh.ru/vacancy/120436057
121074122,Менеджер направления аналитики,X5 Tech,0,Более 6 лет,https://hh.ru/vacancy/121074122
120875311,"Middle Data Analyst [Segmento, МТС Веб Сервисы]",МТС,0,От 1 года до 3 лет,https://hh.ru/vacancy/120875311
120567743,Аналитик данных,"МАГНИТ, Розничная сеть",0,От 1 года до 3 лет,https://hh.ru/vacancy/120567743
121023319,"Middle Data Engineer [Команда автоматизации отчетности, МТС Веб Сервисы]",МТС,0,От 3 до 6 лет,https://hh.ru/vacancy/121023319
120038465,Data Engineer (Junior),Т-Банк,0,От 1 года до 3 лет,https://hh.ru/vacancy/120038465
120431619,Руководитель отдела Бизнес-аналитики,УК Группа Океан,0,Более 6 лет,https://hh.ru/vacancy/120431619
120606408,Мидл дата аналитик / Middle data analyst,Медиапоинт,0,От 1 года до 3 лет,https://hh.ru/vacancy/120606408
121109418,Системный аналитик / System Analyst,Aston,0,От 3 до 6 лет,https://hh.ru/vacancy/121109418
120216303,Бизнес-аналитик данных,Честный знак.рф,0,От 1 года до 3 лет,https://hh.ru/vacancy/120216303
120824091,Аналитик данных / Data analyst,HuntIT,0,От 3 до 6 лет,https://hh.ru/vacancy/120824091
121110324,ML-инженер в направление клиентской аналитики,X5 Tech,0,От 3 до 6 лет,https://hh.ru/vacancy/121110324
120547919,Algorithmic Trader/Алгоритмический трейдер в Sparkland,Знаем Имена,0,Нет опыта,https://hh.ru/vacancy/120547919
120463752,Аналитик данных,Johnson & Johnson,0,От 1 года до 3 лет,https://hh.ru/vacancy/120463752
120860207,Дата инженер,2ГИС,0,От 3 до 6 лет,https://hh.ru/vacancy/120860207
120076755,Quantitative Analyst,Insolvent Capital,0,От 1 года до 3 лет,https://hh.ru/vacancy/120076755
119808429,Дата-инженер (Junior),Т-Банк,0,От 1 года до 3 лет,https://hh.ru/vacancy/119808429
121097089,Аналитик данных,Газпром нефть,0,От 1 года до 3 лет,https://hh.ru/vacancy/121097089
120982833,Руководитель группы анализа данных,Rambler&Co,0,От 1 года до 3 лет,https://hh.ru/vacancy/120982833
120361702,Junior Data Engineer (блок «Стратегия и развитие»),СБЕР,0,От 1 года до 3 лет,https://hh.ru/vacancy/120361702
119809911,Data-инженер (Junior),Т-Банк,0,От 1 года до 3 лет,https://hh.ru/vacancy/119809911
119704949,Junior Product Analyst в Travel Tech,Sputnik8,0,Нет опыта,https://hh.ru/vacancy/119704949
120384592,Аналитик данных (Data Analyst),РТК-СОФТ,0,От 1 года до 3 лет,https://hh.ru/vacancy/120384592
120917681,Data Engineer [Middle],Диплей,0,От 1 года до 3 лет,https://hh.ru/vacancy/120917681
121078515,Аналитик DWH (Дивизион по управлению рисками),АО «ОТП Банк» (JSC «OTP Bank»),0,От 3 до 6 лет,https://hh.ru/vacancy/121078515
118242039,Системный аналитик,Эмбедика,0,От 1 года до 3 лет,https://hh.ru/vacancy/118242039
120782080,Data Engineer (YandexCloud / Junior+/Middle),Глобал Трейд Солюшнс,0,От 1 года до 3 лет,https://hh.ru/vacancy/120782080
120803200,Data Analyst/Дата-аналитик (команда маркетинга),Garage Eight,0,От 3 до 6 лет,https://hh.ru/vacancy/120803200
120634069,Data Engineer,ГКУ Инфогород,0,От 1 года до 3 лет,https://hh.ru/vacancy/120634069
120882598,Аналитик данных / Data analyst,ТЕХНОЛОГИИ ОТРАСЛЕВОЙ ТРАНСФОРМАЦИИ,0,От 1 года до 3 лет,https://hh.ru/vacancy/120882598
115944031,Аналитик данных (портал gosuslugi.ru),РТЛабс,0,От 1 года до 3 лет,https://hh.ru/vacancy/115944031
120026645,Data Engineer (Junior),Т-Банк,0,От 1 года до 3 лет,https://hh.ru/vacancy/120026645
120997054,Product Analytics Team Lead,OneTwoTrip,0,От 3 до 6 лет,https://hh.ru/vacancy/120997054
119789538,Data Analyst/Data Scientist (RuBackup),Группа компаний Астра,0,От 1 года до 3 лет,https://hh.ru/vacancy/119789538
121123758,Data Scientist/ ML Engineer на Интеллектуальную платформу коммуникации,X5 Tech,0,От 3 до 6 лет,https://hh.ru/vacancy/121123758
118976809,Руководитель аналитиков отчетности,Крупная FMCG компания,0,Нет опыта,https://hh.ru/vacancy/118976809
119788419,Дата-инженер (Junior),Т-Банк,0,От 1 года до 3 лет,https://hh.ru/vacancy/119788419
120834385,Аналитик данных (Data analyst),Правительство Москвы,0,От 1 года до 3 лет,https://hh.ru/vacancy/120834385
120555018,Data Analyst,HuntIT,0,От 1 года до 3 лет,https://hh.ru/vacancy/120555018
118767395,"Аналитик, Склад, Разработка аппаратных проектов",Ozon,0,От 1 года до 3 лет,https://hh.ru/vacancy/118767395
119335005,Data scientist (команды CRM и модели оптимизации),Банк ВТБ (ПАО),0,От 1 года до 3 лет,https://hh.ru/vacancy/119335005
121075771,Data Analyst (СЦ),WILDBERRIES,0,От 1 года до 3 лет,https://hh.ru/vacancy/121075771
121086512,Data Scientist Senior/ Team lead,metaLead,0,От 3 до 6 лет,https://hh.ru/vacancy/121086512
120405009,Data Scientist middle,Бюро кредитных историй Скоринг Бюро,0,От 3 до 6 лет,https://hh.ru/vacancy/120405009
120463910,Системный аналитик (АСУ Технолог),JSA Group,0,От 1 года до 3 лет,https://hh.ru/vacancy/120463910
108987565,Data Engineer,Ozon,0,От 3 до 6 лет,https://hh.ru/vacancy/108987565
120206137,Data аналитик,Альфа-Банк,0,От 1 года до 3 лет,https://hh.ru/vacancy/120206137
119315758,Аналитик данных,VK,0,От 3 до 6 лет,https://hh.ru/vacancy/119315758
120863122,Data Engineer/Data Scientist,Альфа-Банк,0,От 3 до 6 лет,https://hh.ru/vacancy/120863122
120245736,Product Analyst / Продуктовый аналитик,Telega.in,0,От 3 до 6 лет,https://hh.ru/vacancy/120245736
120961629,Аналитик данных / специалист,Московский городской педагогический университет (ГАОУ ВО МГПУ),0,От 1 года до 3 лет,https://hh.ru/vacancy/120961629
120325505,Data Scientist,Dolphin,0,От 3 до 6 лет,https://hh.ru/vacancy/120325505
120911953,Аналитик данных,MARKS GROUP,0,От 3 до 6 лет,https://hh.ru/vacancy/120911953
120392190,Data Analyst / Аналитик данных,Лаборатория Касперского,0,От 1 года до 3 лет,https://hh.ru/vacancy/120392190
120998674,Lead Product Analyst (iGaming),Yasha Limited,0,От 3 до 6 лет,https://hh.ru/vacancy/120998674
120960210,Продуктовый аналитик (проект в LiveLib),Литрес,0,От 3 до 6 лет,https://hh.ru/vacancy/120960210
120083364,Senior Financial Analyst,ANCOR,0,Нет опыта,https://hh.ru/vacancy/120083364
120914178,BI-аналитик,Пэй Энджин,0,От 1 года до 3 лет,https://hh.ru/vacancy/120914178
120871960,Аналитик данных / Data analyst,WILDBERRIES,0,От 1 года до 3 лет,https://hh.ru/vacancy/120871960
121027371,Системный аналитик DWH,Яндекс,0,От 3 до 6 лет,https://hh.ru/vacancy/121027371
117796801,Data Scientist,Альфа-Банк,0,От 1 года до 3 лет,https://hh.ru/vacancy/117796801
120860208,Дата инженер,2ГИС,0,От 3 до 6 лет,https://hh.ru/vacancy/120860208
120098859,Руководитель Группы управления данными,Государственное бюджетное учреждение Республики Саха (Якутия) Республиканский центр инфокоммуникационных технологий,0,От 1 года до 3 лет,https://hh.ru/vacancy/120098859
120991858,Data Analyst,STARTRIBE LTD,0,От 3 до 6 лет,https://hh.ru/vacancy/120991858
111417147,"Продуктовый аналитик (AB тестирование, ML модели)",Х5 Group,0,От 3 до 6 лет,https://hh.ru/vacancy/111417147
121088994,Руководитель аналитики операционной эффективности,"Лента, федеральная розничная сеть",0,Более 6 лет,https://hh.ru/vacancy/121088994
120314042,Продуктовый аналитик,РБК,0,От 1 года до 3 лет,https://hh.ru/vacancy/120314042
121016521,Разработчик DWH,Дион Софт,0,Более 6 лет,https://hh.ru/vacancy/121016521
121067710,Data Scientist (процессные и финансовые модели),Банк ВТБ (ПАО),0,От 1 года до 3 лет,https://hh.ru/vacancy/121067710
118974678,Data Engineer,МедиаСофт,0,От 1 года до 3 лет,https://hh.ru/vacancy/118974678
120687029,Системный аналитик АСУ ОГР,JSA Group,0,От 3 до 6 лет,https://hh.ru/vacancy/120687029
120867392,Системный аналитик,ЕВРАЗ,0,От 3 до 6 лет,https://hh.ru/vacancy/120867392
120979468,Дата-инженер в команду Данные и новые технологии,Банк ДОМ.РФ,0,Более 6 лет,https://hh.ru/vacancy/120979468
120838221,Руководитель команды интеграции,X5 Tech,0,От 3 до 6 лет,https://hh.ru/vacancy/120838221
120268503,Аналитик данных,Т1,0,От 1 года до 3 лет,https://hh.ru/vacancy/120268503
119803447,Дата-инженер (Junior),Т-Банк,0,От 1 года до 3 лет,https://hh.ru/vacancy/119803447
120724223,System Analyst DWH,Lamoda Tech,0,От 1 года до 3 лет,https://hh.ru/vacancy/120724223
119810047,Data-инженер (Junior),Т-Банк,0,От 1 года до 3 лет,https://hh.ru/vacancy/119810047
120820930,"Data Scientist, Anti-Fraud, Ozon Bank",Ozon,0,От 3 до 6 лет,https://hh.ru/vacancy/120820930
120330427,Системный аналитик Озера данных,РСХБ-Интех,0,От 3 до 6 лет,https://hh.ru/vacancy/120330427
120604134,Архитектор данных,Московская объединенная энергетическая компания,0,От 3 до 6 лет,https://hh.ru/vacancy/120604134
120691313,Data Analyst,ARK,0,От 1 года до 3 лет,https://hh.ru/vacancy/120691313
119780991,Data Engineer,Selectel,0,От 1 года до 3 лет,https://hh.ru/vacancy/119780991
120293628,Аналитик данных,АстраЗенека,0,От 1 года до 3 лет,https://hh.ru/vacancy/120293628
120959550,Аналитик по работе с данными,ГУП Московский социальный регистр,0,От 3 до 6 лет,https://hh.ru/vacancy/120959550
119908857,Системный аналитик,Ростелеком - Центры обработки данных,0,От 1 года до 3 лет,https://hh.ru/vacancy/119908857
120929421,Системный аналитик / System Analyst,Aston,0,От 3 до 6 лет,https://hh.ru/vacancy/120929421
120219162,Аналитик данных,Linde,0,От 3 до 6 лет,https://hh.ru/vacancy/120219162
115999151,Аналитик данных (Data Scientist),Газпром нефть,0,От 1 года до 3 лет,https://hh.ru/vacancy/115999151
121098073,Lead Data Engineer,СБЕР,0,От 3 до 6 лет,https://hh.ru/vacancy/121098073
120879402,Data Analyst (Ограничения и рейтинг),WILDBERRIES,0,От 3 до 6 лет,https://hh.ru/vacancy/120879402
119788086,Системный аналитик по управлению данными,Инсейлс Рус,0,От 3 до 6 лет,https://hh.ru/vacancy/119788086
116709538,Data analyst / Аналитик данных,WILDBERRIES,0,От 1 года до 3 лет,https://hh.ru/vacancy/116709538
119876741,Системный аналитик Senior,Napoleon IT,0,От 3 до 6 лет,https://hh.ru/vacancy/119876741
120478948,Senior NLP-инженер,"МАГНИТ, Розничная сеть",0,От 3 до 6 лет,https://hh.ru/vacancy/120478948
120553753,Аналитик данных (Data Science),ПИК-специализированный застройщик,0,От 3 до 6 лет,https://hh.ru/vacancy/120553753
120579478,Системный аналитик (Security),YADRO,0,От 3 до 6 лет,https://hh.ru/vacancy/120579478
120413573,Data Analyst / Аналитик данных (платформа),СберЗдоровье,0,От 1 года до 3 лет,https://hh.ru/vacancy/120413573
120921053,Data Engineer в маркетинг,Туту,0,От 3 до 6 лет,https://hh.ru/vacancy/120921053
121042225,Разработчик DWH и BI ЕХД Oracle (цифровизация),МТС Финтех,0,От 3 до 6 лет,https://hh.ru/vacancy/121042225
120872394,Системный аналитик (Департамент по управлению данными),АБСОЛЮТ БАНК,0,От 3 до 6 лет,https://hh.ru/vacancy/120872394
121078073,"Старший специалист МО (ML Engineer / Data Scientist, видеоаналитика, CV)",Инфосистемы Джет,0,От 3 до 6 лет,https://hh.ru/vacancy/121078073
120495661,Системный аналитик (системы мониторинга),Клауд Солюшенс,0,Более 6 лет,https://hh.ru/vacancy/120495661
120417659,Аналитик данных (Junior+),СберЗдоровье,0,От 1 года до 3 лет,https://hh.ru/vacancy/120417659
121074967,Аналитик данных (Виртуальные ассистенты),Т1,0,От 3 до 6 лет,https://hh.ru/vacancy/121074967
120726996,Системный аналитик (DWH),Т1,0,От 1 года до 3 лет,https://hh.ru/vacancy/120726996
120536896,Data Engineer,ARK,0,От 1 года до 3 лет,https://hh.ru/vacancy/120536896
119785159,Риск-аналитик (Data Science),Ак Барс Банк,0,От 1 года до 3 лет,https://hh.ru/vacancy/119785159
120400363,Senior/Team lead Data Analyst (Синьор/Тимлид аналитик),Медиапоинт,0,Более 6 лет,https://hh.ru/vacancy/120400363
120751511,Аналитик данных,Электронная Москва,0,От 1 года до 3 лет,https://hh.ru/vacancy/120751511
120475498,Системный аналитик,СимбирСофт,0,От 3 до 6 лет,https://hh.ru/vacancy/120475498
120267881,Специалист по машинному обучению и ИИ/ Data Scientist в команду RecSys (middle),Литрес,0,От 1 года до 3 лет,https://hh.ru/vacancy/120267881
119486029,Инженер данных/ Аналитик данных,Центр Биометрических Технологий,0,От 3 до 6 лет,https://hh.ru/vacancy/119486029
120548863,Data Engineer,Т1,0,От 1 года до 3 лет,https://hh.ru/vacancy/120548863
120345929,Data Engineer,Valiotti Analytics,0,От 3 до 6 лет,https://hh.ru/vacancy/120345929
120221475,Продуктовый аналитик (МТС Лайв),МТС,0,От 3 до 6 лет,https://hh.ru/vacancy/120221475
120362324,Middle Data Analyst,Skyeng,0,От 3 до 6 лет,https://hh.ru/vacancy/120362324
121071193,"Старший Data Scientist, RND проекты поиска",Ozon,0,От 3 до 6 лет,https://hh.ru/vacancy/121071193
120017307,Data Scientist (Computer Vision),Крым Диджитал Груп,0,От 3 до 6 лет,https://hh.ru/vacancy/120017307
120818226,Аналитик данных (Data Analyst) в команду домена В2С,Банк ДОМ.РФ,0,От 3 до 6 лет,https://hh.ru/vacancy/120818226
120380884,Аналитик данных,"Тануки, японский ресторан",0,От 1 года до 3 лет,https://hh.ru/vacancy/120380884
119808686,Дата-инженер (Junior),Т-Банк,0,От 1 года до 3 лет,https://hh.ru/vacancy/119808686
120820931,"Data Scientist, Anti-Fraud, Ozon Bank",Ozon,0,От 3 до 6 лет,https://hh.ru/vacancy/120820931
121088355,Дата-аналитик (CVM),билайн,0,От 3 до 6 лет,https://hh.ru/vacancy/121088355
116617058,Data Engineer / Data analyst,PUSK,0,От 1 года до 3 лет,https://hh.ru/vacancy/116617058
119797068,Data-аналитик,ИЦ АЙ-ТЕКО,0,От 3 до 6 лет,https://hh.ru/vacancy/119797068
120882079,Senior Data engineer (DWH),WILDBERRIES,0,От 3 до 6 лет,https://hh.ru/vacancy/120882079
120964246,Руководитель группы системного анализа,билайн,0,От 3 до 6 лет,https://hh.ru/vacancy/120964246
120832759,Senior Data Engineer / DWH Architect,Хантфлоу,0,От 3 до 6 лет,https://hh.ru/vacancy/120832759
120393756,"Аналитик данных /Data Analyst в стрим ""Виртуальные ассистенты""",Банк ВТБ (ПАО),0,От 3 до 6 лет,https://hh.ru/vacancy/120393756
120768233,Системный аналитик,билайн,0,От 1 года до 3 лет,https://hh.ru/vacancy/120768233
120462158,Аналитик данных,АШАН Ритейл Россия,0,От 1 года до 3 лет,https://hh.ru/vacancy/120462158
119681740,"Аналитик данных (проект ""Мультибонус"")",Банк ВТБ (ПАО),0,От 1 года до 3 лет,https://hh.ru/vacancy/119681740
119842731,Data Engineer,Koronatech,0,От 3 до 6 лет,https://hh.ru/vacancy/119842731
120814458,BI Analyst,Ventra,0,От 3 до 6 лет,https://hh.ru/vacancy/120814458
111956268,"Аналитик данных (Excel, SQL)",Правительство Москвы,0,От 3 до 6 лет,https://hh.ru/vacancy/111956268
119299217,Data Analyst (команда Intelligent Search),СБЕР,0,От 3 до 6 лет,https://hh.ru/vacancy/119299217
120728402,Junior Аналитик данных SQL / Data Аналитик,ИЦ АЙ-ТЕКО,0,От 1 года до 3 лет,https://hh.ru/vacancy/120728402
120583433,Бизнес-системный аналитик,Бюро кредитных историй Скоринг Бюро,0,От 3 до 6 лет,https://hh.ru/vacancy/120583433
114953545,Аналитик отчетных систем DWH,Совкомбанк Технологии,0,От 1 года до 3 лет,https://hh.ru/vacancy/114953545
120647042,Системный аналитик,ИСЕРВ,0,От 3 до 6 лет,https://hh.ru/vacancy/120647042
121080879,Data аналитик,ИЦ АЙ-ТЕКО,0,От 3 до 6 лет,https://hh.ru/vacancy/121080879
115109674,Аналитик данных (Data analyst),"Красное & Белое, розничная сеть",0,От 1 года до 3 лет,https://hh.ru/vacancy/115109674
120708954,Senior Product analyst (ассортимент),Tripster,0,От 3 до 6 лет,https://hh.ru/vacancy/120708954
120630101,Аналитик PIM/MDM,"Глобус, Сеть гипермаркетов",0,От 1 года до 3 лет,https://hh.ru/vacancy/120630101
120018444,Специалист по качеству данных,Интерлизинг,0,От 3 до 6 лет,https://hh.ru/vacancy/120018444
115953661,"Data-аналитик стрима ""Аналитика и отчётность продаж СМБ""",Банк ВТБ (ПАО),0,От 1 года до 3 лет,https://hh.ru/vacancy/115953661
120649890,Аналитик отчетных систем/ Аналитик DWH,Совкомбанк Технологии,0,От 1 года до 3 лет,https://hh.ru/vacancy/120649890
118019746,Data Analyst / BI Developer,Okkam,0,От 1 года до 3 лет,https://hh.ru/vacancy/118019746
120851686,Системный аналитик (DWH),Neoflex,0,От 1 года до 3 лет,https://hh.ru/vacancy/120851686
120752797,Junior data scientist,Центральный банк Российской Федерации (Банк России),0,От 1 года до 3 лет,https://hh.ru/vacancy/120752797
120797911,Портфельный менеджер,Крупная компания в финансовом секторе,0,Более 6 лет,https://hh.ru/vacancy/120797911
119965134,Разработчик Big Data Junior,АФЛТ-Системс,0,От 1 года до 3 лет,https://hh.ru/vacancy/119965134
120463975,Руководитель направления аналитики развития продуктов,T2,0,От 3 до 6 лет,https://hh.ru/vacancy/120463975
118808276,Data analyst (Направления аналитики Департамента по работе с премиальными клиентами),Банк ВТБ (ПАО),0,От 1 года до 3 лет,https://hh.ru/vacancy/118808276
119561000,Senior Data engineer,"Лента, федеральная розничная сеть",0,От 1 года до 3 лет,https://hh.ru/vacancy/119561000
119649229,Аналитик данных/Data Scientist,Финко,0,От 1 года до 3 лет,https://hh.ru/vacancy/119649229
120536529,Продуктовый аналитик (Финтех),WILDBERRIES,0,Более 6 лет,https://hh.ru/vacancy/120536529
120639133,Data Engineer / Data Analyst,ФГУП ЦРП,0,От 3 до 6 лет,https://hh.ru/vacancy/120639133
120380062,Дата-аналитик,Ридан Трейд,0,От 1 года до 3 лет,https://hh.ru/vacancy/120380062
120603765,Data Engineer,МосТрансПроект,0,От 1 года до 3 лет,https://hh.ru/vacancy/120603765
120836794,Senior System analyst (Networks),Клауд Солюшенс,0,Более 6 лет,https://hh.ru/vacancy/120836794
108592803,Data Analyst (Управление координации стратегических проектов по фондированию и лояльности),Банк ВТБ (ПАО),0,От 1 года до 3 лет,https://hh.ru/vacancy/108592803
119863531,Специалист по работе с базами данных (Data Analyst Master data),Avanta Россия,0,От 1 года до 3 лет,https://hh.ru/vacancy/119863531
120770633,Data Engineer senior / Инженер данных,Notamedia,0,От 3 до 6 лет,https://hh.ru/vacancy/120770633
119954975,BI-аналитик,Novabev Group,0,От 1 года до 3 лет,https://hh.ru/vacancy/119954975
120030917,Senior Product Analyst,Data-Driven Lab,0,От 3 до 6 лет,https://hh.ru/vacancy/120030917
120541159,Аналитик данных,Т1,0,От 3 до 6 лет,https://hh.ru/vacancy/120541159
120108943,Аналитик данных/Продуктовый аналитик/Data Scientist (Python),Яндекс,0,От 3 до 6 лет,https://hh.ru/vacancy/120108943
120567923,Эксперт по настройке антифрод систем,"МАГНИТ, Розничная сеть",0,От 3 до 6 лет,https://hh.ru/vacancy/120567923
121114013,Архитектор Решений / Solution Architect (DWH),КОРУС Консалтинг,0,От 3 до 6 лет,https://hh.ru/vacancy/121114013
119785997,Data Engineer в команду ВКонтакте,VK,0,От 1 года до 3 лет,https://hh.ru/vacancy/119785997
119785976,Аналитик в команду Mobile Big Data,VK,0,От 1 года до 3 лет,https://hh.ru/vacancy/119785976
120641230,Системный аналитик,Мэлон Фэшн Груп,0,От 3 до 6 лет,https://hh.ru/vacancy/120641230
120239923,Главный аналитик BI (DWH),Альфа-Банк,0,От 1 года до 3 лет,https://hh.ru/vacancy/120239923
119764649,Аналитик данных (Data analyst),Группа компаний Современные транспортные технологии,0,От 3 до 6 лет,https://hh.ru/vacancy/119764649
112321185,Product Analyst (Middle/ Senior),Sputnik8,0,От 3 до 6 лет,https://hh.ru/vacancy/112321185
119914809,Аналитик данных,Оператор Газпром ИД,0,От 3 до 6 лет,https://hh.ru/vacancy/119914809
120242828,Аналитик данных (Data Platform и ML),БЮРО 1440,0,От 3 до 6 лет,https://hh.ru/vacancy/120242828
120084473,Системный аналитик (Северсталь Диджитал),Северсталь,0,От 3 до 6 лет,https://hh.ru/vacancy/120084473
111207004,Аналитик отчетных систем DWH,Совкомбанк Технологии,0,От 1 года до 3 лет,https://hh.ru/vacancy/111207004
120781546,Data Engineer,Комус,0,От 1 года до 3 лет,https://hh.ru/vacancy/120781546
103195749,Аналитик данных (middle),Электронная торговая площадка Газпромбанка,0,От 3 до 6 лет,https://hh.ru/vacancy/103195749
117803111,Аналитик данных,Kept (Кэпт),0,От 3 до 6 лет,https://hh.ru/vacancy/117803111
119746780,Data Analyst,Брусника,0,От 3 до 6 лет,https://hh.ru/vacancy/119746780
120242177,Владелец продукта (отчетность маркетплейсов),Faberlic,0,От 3 до 6 лет,https://hh.ru/vacancy/120242177
120583231,Data Engineer,АНО ЦИСМ,0,От 1 года до 3 лет,https://hh.ru/vacancy/120583231
120412473,Аналитик данных,Linde,0,От 3 до 6 лет,https://hh.ru/vacancy/120412473
120750127,"ML-engineer, NLP в техподдержке",Контур,0,От 3 до 6 лет,https://hh.ru/vacancy/120750127
119388449,Data analyst,Лига Цифровой Экономики,0,От 1 года до 3 лет,https://hh.ru/vacancy/119388449
118581410,Аналитик отчетных систем/ аналитик DWH,Совкомбанк Технологии,0,От 1 года до 3 лет,https://hh.ru/vacancy/118581410
120903693,Ведущий аналитик КХД,IBS,0,От 3 до 6 лет,https://hh.ru/vacancy/120903693
119240790,Системный аналитик Oracle (DWH),МегаФон,0,От 3 до 6 лет,https://hh.ru/vacancy/119240790
119430297,Системный аналитик (блок корпоративные функции),ЕВРАЗ,0,От 3 до 6 лет,https://hh.ru/vacancy/119430297
120824191,"Data Analyst (РКО, Daily Banking)",Газпромбанк,0,От 1 года до 3 лет,https://hh.ru/vacancy/120824191
116497400,Разработчик DWH(GreenPlum),Синимекс,0,От 3 до 6 лет,https://hh.ru/vacancy/116497400
120470368,ML Engineer (ML Инженер),Hunt For You,0,От 3 до 6 лет,https://hh.ru/vacancy/120470368
120238108,Системный аналитик DWH (отчетность ЦБ),Neoflex,0,От 1 года до 3 лет,https://hh.ru/vacancy/120238108
117401452,Senior System Analyst DWH,Lamoda Tech,0,От 3 до 6 лет,https://hh.ru/vacancy/117401452
120547216,Team Lead команды Data-продуктов среднего бизнеса в цифровых каналах,Альфа-Банк,0,От 3 до 6 лет,https://hh.ru/vacancy/120547216
120650783,Аналитик данных,Coleman Group,0,От 1 года до 3 лет,https://hh.ru/vacancy/120650783
120626480,Senior Product Analyst / Продуктовый аналитик,New.HR,0,От 3 до 6 лет,https://hh.ru/vacancy/120626480
118869999,Data Analyst/Data Scientist в команду Внепродуктовой аналитики,X5 Tech,0,От 3 до 6 лет,https://hh.ru/vacancy/118869999
120855552,Data Scientist middle/senior,X5 Tech,0,От 3 до 6 лет,https://hh.ru/vacancy/120855552
120590087,Data Scientist (Модели CRM),Т1,0,От 3 до 6 лет,https://hh.ru/vacancy/120590087
120750126,"ML-engineer, NLP в техподдержке",Контур,0,От 3 до 6 лет,https://hh.ru/vacancy/120750126
118524633,Ведущий аналитик отчетности ЦБ,RB DATA Group,0,От 3 до 6 лет,https://hh.ru/vacancy/118524633
119706210,Data Scientist (риск-моделирование),Центральный банк Российской Федерации (Банк России),0,От 1 года до 3 лет,https://hh.ru/vacancy/119706210
118280048,Senior data/product analyst (SberDevices),СБЕР,0,От 3 до 6 лет,https://hh.ru/vacancy/118280048
120187563,Data Engineer/analytics,Selecty,0,От 3 до 6 лет,https://hh.ru/vacancy/120187563
120518340,BI разработчик,Heaad,0,От 3 до 6 лет,https://hh.ru/vacancy/120518340
115479023,Продуктовый аналитик/аналитик данных в Мобильную платформу,X5 Tech,0,От 3 до 6 лет,https://hh.ru/vacancy/115479023
120383049,Системный аналитик (DWH),Neoflex,0,От 1 года до 3 лет,https://hh.ru/vacancy/120383049
120683183,Data Scientist (ПВР),Т1,0,От 3 до 6 лет,https://hh.ru/vacancy/120683183
117432727,Бизнес-аналитик (финмоделирование),Банк ВТБ (ПАО),0,От 1 года до 3 лет,https://hh.ru/vacancy/117432727
120383302,Аналитик качества данных (Data Quality),«Филип Моррис Интернэшнл» в России,0,От 1 года до 3 лет,https://hh.ru/vacancy/120383302
119498854,Senior/Team Lead Data Scientist,РТ-Информационная безопасность,0,От 3 до 6 лет,https://hh.ru/vacancy/119498854
116386493,"Аналитик данных /Data Analyst в управление ""Голосовой ассистент""",Банк ВТБ (ПАО),0,От 1 года до 3 лет,https://hh.ru/vacancy/116386493
120549016,Middle Data Analyst (Дата Аналитик),«UZUM TECHNOLOGIES»,0,От 3 до 6 лет,https://hh.ru/vacancy/120549016
118685600,Data Engineer,ИЦ АЙ-ТЕКО,0,От 3 до 6 лет,https://hh.ru/vacancy/118685600
120868096,"Системный аналитик/BI, финтех",SkillStaff,0,От 3 до 6 лет,https://hh.ru/vacancy/120868096
119884674,Data Scientist,РобоФинанс,0,От 3 до 6 лет,https://hh.ru/vacancy/119884674
119843108,Data Engineer,Розничное направление ГК Невада,0,От 1 года до 3 лет,https://hh.ru/vacancy/119843108
120747044,Аналитик данных на основе ИИ (AI Data Analyst),Мейджерпак Рус,0,От 3 до 6 лет,https://hh.ru/vacancy/120747044
120227271,Data analyst ( Мiddle/Middle+ ),РСХБ-Интех,0,От 3 до 6 лет,https://hh.ru/vacancy/120227271
120479364,Руководитель направления маркетинговой аналитики,VK,0,От 3 до 6 лет,https://hh.ru/vacancy/120479364
121105606,Старший Fullstack аналитик,IBS,0,От 3 до 6 лет,https://hh.ru/vacancy/121105606
117366616,Product Analyst в Wildberries,WILDBERRIES,0,От 3 до 6 лет,https://hh.ru/vacancy/117366616
120494715,Менеджер по анализу больших данных (Big Data),T2,0,От 1 года до 3 лет,https://hh.ru/vacancy/120494715
120892071,Аналитик DWH,IBS,0,От 3 до 6 лет,https://hh.ru/vacancy/120892071
120412483,Системный аналитик DWH,Neoflex,0,От 1 года до 3 лет,https://hh.ru/vacancy/120412483
120508838,Lead Data Engineer / Инженер по данным,Ростелеком Информационные Технологии,0,От 3 до 6 лет,https://hh.ru/vacancy/120508838
120263013,Дата-сайентист,IBS,0,От 3 до 6 лет,https://hh.ru/vacancy/120263013
121088429,Старший/Ведущий фулстек аналитик,IBS,0,От 3 до 6 лет,https://hh.ru/vacancy/121088429
120272151,Аналитик E-com,Комус,0,От 1 года до 3 лет,https://hh.ru/vacancy/120272151
120421746,"Middle системный аналитик в MWS Data [Big Data, МТС Веб Сервисы]",МТС,0,От 1 года до 3 лет,https://hh.ru/vacancy/120421746
117210858,Старший аналитик BI,ГЕРОФАРМ,0,От 3 до 6 лет,https://hh.ru/vacancy/117210858
119249611,Game Data Analyst,Леста Игры,0,От 1 года до 3 лет,https://hh.ru/vacancy/119249611
120833074,Руководитель направления интеграции платформы аналитики с ИИ,Х5 Group,0,От 3 до 6 лет,https://hh.ru/vacancy/120833074
120500148,Аналитик данных,Национальный исследовательский Томский политехнический университет,0,От 3 до 6 лет,https://hh.ru/vacancy/120500148
120089407,Продуктовый аналитик (ML),Ростелеком,0,От 1 года до 3 лет,https://hh.ru/vacancy/120089407
118665479,Дата-аналитик,ТЦ МЕГА,0,От 3 до 6 лет,https://hh.ru/vacancy/118665479
119019653,Системный аналитик (офис),Bell Integrator Регионы,0,От 1 года до 3 лет,https://hh.ru/vacancy/119019653
120404155,Financial Analyst,Омега Энерджи,0,От 1 года до 3 лет,https://hh.ru/vacancy/120404155
120860209,Дата инженер,2ГИС,0,От 3 до 6 лет,https://hh.ru/vacancy/120860209
120721671,Аналитик данных/Middle Data Analyst в команду коммерческой аналитики,"Лента, федеральная розничная сеть",0,От 3 до 6 лет,https://hh.ru/vacancy/120721671
120223497,Data Engineer (Дата инженер),Федеральная сеть книжных магазинов Читай-город,0,От 3 до 6 лет,https://hh.ru/vacancy/120223497
110669637,Системный аналитик КХД,Faberlic,0,От 1 года до 3 лет,https://hh.ru/vacancy/110669637
120389819,Аналитик данных (middle+),БК Олимп,0,От 3 до 6 лет,https://hh.ru/vacancy/120389819
120709089,Системный аналитик DWH/Аналитик данных,AVO.UZ,0,От 1 года до 3 лет,https://hh.ru/vacancy/120709089
120210942,Data Scientist,Банки.ру,0,От 3 до 6 лет,https://hh.ru/vacancy/120210942
120549449,Data analyst (Сервисы роботизации),WILDBERRIES,0,От 1 года до 3 лет,https://hh.ru/vacancy/120549449
118261997,Лид продуктовой аналитики,Т-Банк,0,От 3 до 6 лет,https://hh.ru/vacancy/118261997
120337145,Аналитик (Руководитель группы),metaLead,0,От 3 до 6 лет,https://hh.ru/vacancy/120337145
119775764,CRO (Chief Risk Officer),IDF Eurasia,0,Более 6 лет,https://hh.ru/vacancy/119775764
117842084,BI аналитик-разработчик / BI developer,АстраЗенека,0,От 1 года до 3 лет,https://hh.ru/vacancy/117842084
120333874,Data Analyst,Сэми Косметик,0,От 3 до 6 лет,https://hh.ru/vacancy/120333874
120095979,"CDO (Chiеf Data Officer) за обработку, аналитику и интерпретацию данных",ГБПОУ Кузбасский Медицинский Колледж,0,Более 6 лет,https://hh.ru/vacancy/120095979
120722922,BI/DWH инженер | Архитектор данных,Группа компаний ИАТ,0,От 1 года до 3 лет,https://hh.ru/vacancy/120722922
119925534,Аналитик данных,СберСити,0,От 3 до 6 лет,https://hh.ru/vacancy/119925534
120211495,Портфельный риск-менеджер,Альфа-Банк,0,От 1 года до 3 лет,https://hh.ru/vacancy/120211495
120402021,Продуктовый аналитик (МТС AdTech),МТС,0,От 3 до 6 лет,https://hh.ru/vacancy/120402021
120728368,Инженер по данным и BI / Data & BI Engineer,"Спектрум, Группа компаний",0,От 3 до 6 лет,https://hh.ru/vacancy/120728368
120596713,Data Scientist (Рекомендательные системы),1221Системс,0,От 3 до 6 лет,https://hh.ru/vacancy/120596713
120266086,Data Scientist/Специалист по обработке данных (NLP),Ингосстрах,0,От 3 до 6 лет,https://hh.ru/vacancy/120266086
120394557,Data Engineer в команду контента,WILDBERRIES,0,От 3 до 6 лет,https://hh.ru/vacancy/120394557
119684821,CRM Data Analyst / Аналитик экосистемы данных и CRM,Марс,0,От 3 до 6 лет,https://hh.ru/vacancy/119684821
120620014,Data-аналитик на направление ценообразование,Парфюмерно-косметический супермаркет Золотое Яблоко,0,От 1 года до 3 лет,https://hh.ru/vacancy/120620014
119881065,Data Engineer/Data аналитик,ИЦ АЙ-ТЕКО,0,От 3 до 6 лет,https://hh.ru/vacancy/119881065
120778692,Специалист по управлению данными (безрецептурный бизнес)/Data Management Specialist CHC,Sanofi,0,От 1 года до 3 лет,https://hh.ru/vacancy/120778692
119561409,Продуктовый аналитик (PREMIER),RUTUBE,0,От 1 года до 3 лет,https://hh.ru/vacancy/119561409
120835905,Старший продуктовый аналитик,ИНВИТРО,0,От 3 до 6 лет,https://hh.ru/vacancy/120835905
120117957,Аналитик качества данных (data quality),Центральный банк Российской Федерации (Банк России),0,От 1 года до 3 лет,https://hh.ru/vacancy/120117957
120750125,"ML-engineer, NLP в техподдержке",Контур,0,От 3 до 6 лет,https://hh.ru/vacancy/120750125
119043082,TeamLead Antifraud Analyst (финансовый антифрод),WILDBERRIES,0,Более 6 лет,https://hh.ru/vacancy/119043082
110402678,Аналитик отчетных систем/ Аналитик DWH,Совкомбанк Технологии,0,От 1 года до 3 лет,https://hh.ru/vacancy/110402678
120647318,Руководитель команды аналитики данных,"ГРЧЦ, ФГУП",0,От 3 до 6 лет,https://hh.ru/vacancy/120647318
119558634,Senior Data Analyst / Старший аналитик данных,Марс,0,От 3 до 6 лет,https://hh.ru/vacancy/119558634
120402798,Senior Data Engineer,HuntIT,0,От 3 до 6 лет,https://hh.ru/vacancy/120402798
120132876,Продуктовый аналитик в команду AI агенты,2ГИС,0,От 3 до 6 лет,https://hh.ru/vacancy/120132876
120421912,"Middle системный аналитик в MWS Data Factory [Big Data, МТС Веб Сервисы]",МТС,0,От 1 года до 3 лет,https://hh.ru/vacancy/120421912
120485508,BI аналитик (JavaScript),Московский метрополитен,0,От 3 до 6 лет,https://hh.ru/vacancy/120485508
119830012,Ведущий аналитик данных (DWH Lead),ПУЛЬС АЙТИМ,0,От 3 до 6 лет,https://hh.ru/vacancy/119830012
119916415,Ведущий BI-аналитик,Rubytech,0,От 3 до 6 лет,https://hh.ru/vacancy/119916415
120704176,Бизнес-аналитик / Менеджер продукта (M2M/Telecom),А1 Системс,0,От 3 до 6 лет,https://hh.ru/vacancy/120704176
119962056,Дата-инженер (ClickHouse),Битрикс24,0,От 3 до 6 лет,https://hh.ru/vacancy/119962056
120427696,Data Scientist NLP (портал gosuslugi.ru),РТЛабс,0,От 3 до 6 лет,https://hh.ru/vacancy/120427696
120333840,Системный аналитик (Big Data),Okko,0,От 3 до 6 лет,https://hh.ru/vacancy/120333840
120361663,Data-инженер (кампейнинг),СБЕР,0,От 1 года до 3 лет,https://hh.ru/vacancy/120361663
120994532,Старший аналитик DWH/ КХД,IBS,0,От 3 до 6 лет,https://hh.ru/vacancy/120994532
120412115,Системный аналитик DWH (Офисный формат),Neoflex,0,От 1 года до 3 лет,https://hh.ru/vacancy/120412115
119182789,Senior Data/Product Analyst,Островок,0,От 3 до 6 лет,https://hh.ru/vacancy/119182789
120247573,Старший BI-аналитик,Атом,0,От 3 до 6 лет,https://hh.ru/vacancy/120247573
119806248,Системный aналитик,ГКУ Инфогород,0,От 1 года до 3 лет,https://hh.ru/vacancy/119806248
120390255,Старший продуктовый аналитик,Рокет Тех,0,От 3 до 6 лет,https://hh.ru/vacancy/120390255
120260887,Старший BI-аналитик,Атом,0,От 3 до 6 лет,https://hh.ru/vacancy/120260887
120484351,Middle Data Engineer (Digital Analytics),билайн,0,От 1 года до 3 лет,https://hh.ru/vacancy/120484351
120535785,Data Engineer/Инженер данных,Эксперт РА,0,От 3 до 6 лет,https://hh.ru/vacancy/120535785
120431419,Системный аналитик ML,Ростелеком,0,От 1 года до 3 лет,https://hh.ru/vacancy/120431419
120381987,ML Engineer / ML-инженер,Excdev,0,От 3 до 6 лет,https://hh.ru/vacancy/120381987
120238159,Системный аналитик DWH (отчетность ЦБ),Neoflex,0,От 1 года до 3 лет,https://hh.ru/vacancy/120238159
120637604,Middle+/Senior бизнес/системный аналитик,ДиБиЭс Технологии,0,От 3 до 6 лет,https://hh.ru/vacancy/120637604
120618724,Data Analyst в команду Чековой аналитики,X5 Tech,0,От 3 до 6 лет,https://hh.ru/vacancy/120618724
120384235,Продуктовый аналитик в команду логистики Маркета,Яндекс,0,От 3 до 6 лет,https://hh.ru/vacancy/120384235
119531384,Data Steward,Трубная Металлургическая Компания,0,От 1 года до 3 лет,https://hh.ru/vacancy/119531384
120454055,Data Engineer,Clear Mind,0,От 3 до 6 лет,https://hh.ru/vacancy/120454055
121091792,Продуктовый аналитик (Senior),билайн,0,Более 6 лет,https://hh.ru/vacancy/121091792
117842013,Системный аналитик DWH / Системный аналитик ХД,АстраЗенека,0,От 1 года до 3 лет,https://hh.ru/vacancy/117842013
120538489,Data Scientist (Специалист по языковым моделям),СберМобайл,0,От 3 до 6 лет,https://hh.ru/vacancy/120538489
120599853,Системный аналитик,билайн,0,От 3 до 6 лет,https://hh.ru/vacancy/120599853
119235477,Главный эксперт (Аналитик службы управления надежностью),"СИБУР, Группа компаний",0,От 3 до 6 лет,https://hh.ru/vacancy/119235477
119638940,Data analyst (офис),Bell Integrator Регионы,0,От 1 года до 3 лет,https://hh.ru/vacancy/119638940
120217687,Продуктовый аналитик (Yappy),RUTUBE,0,От 1 года до 3 лет,https://hh.ru/vacancy/120217687
120578194,Аналитик данных на Rutube,Оператор Газпром ИД,0,От 3 до 6 лет,https://hh.ru/vacancy/120578194
120433645,Продуктовый аналитик,Купибилет,0,От 3 до 6 лет,https://hh.ru/vacancy/120433645
120750128,"ML-engineer, NLP в техподдержке",Контур,0,От 3 до 6 лет,https://hh.ru/vacancy/120750128
120447462,Senior Business Analyst,Платформа Сейлз Чейн,0,От 3 до 6 лет,https://hh.ru/vacancy/120447462
119443765,Системный аналитик (офис),Bell Integrator Регионы,0,От 1 года до 3 лет,https://hh.ru/vacancy/119443765
120384869,Продуктовый аналитик в международное направление,Лига Ставок,0,От 3 до 6 лет,https://hh.ru/vacancy/120384869
119074736,Data Engineer,"РОСТ, Группа компаний",0,От 3 до 6 лет,https://hh.ru/vacancy/119074736
119293339,BI-аналитик в Сетку,HeadHunter,0,От 1 года до 3 лет,https://hh.ru/vacancy/119293339
120915154,Data Engineer МЛМ,Bell Integrator,0,От 1 года до 3 лет,https://hh.ru/vacancy/120915154
118362501,Аналитик данных в Маркет,Яндекс,0,От 3 до 6 лет,https://hh.ru/vacancy/118362501
120703275,Эксперт системный аналитик (портал gosuslugi.ru),РТЛабс,0,Более 6 лет,https://hh.ru/vacancy/120703275
119918962,DS/ML engineer,"Hi, Rockits!",0,От 3 до 6 лет,https://hh.ru/vacancy/119918962
120493259,"Системный аналитик 1С ERP (ERPУХ, ЗУП)",ГЕТ ЭКСПЕРТС РЕКРУТМЕНТ,0,От 3 до 6 лет,https://hh.ru/vacancy/120493259
115480005,Data analyst/data scientist на продукт HR MAX,X5 Tech,0,От 3 до 6 лет,https://hh.ru/vacancy/115480005
120112203,"Ведущий архитектор данных (Data & BI, архитектурный консалтинг), со знанием ClickHouse",Polymedia,0,Более 6 лет,https://hh.ru/vacancy/120112203
120371239,Продуктовый аналитик на Единую платформу персонализации,X5 Tech,0,От 3 до 6 лет,https://hh.ru/vacancy/120371239
117220744,Middle\Senior BI Analyst,Контакт,0,От 1 года до 3 лет,https://hh.ru/vacancy/117220744
120722632,BI Developer (Qlik) / BI разработчик (Qlik),PLC.01,0,От 3 до 6 лет,https://hh.ru/vacancy/120722632
120467414,Системный аналитик,Цифровой аудит,0,От 3 до 6 лет,https://hh.ru/vacancy/120467414
119880788,Data Engineer/Data аналитик,ИЦ АЙ-ТЕКО,0,От 3 до 6 лет,https://hh.ru/vacancy/119880788
120319031,Руководитель проекта DWH,Верме,0,От 3 до 6 лет,https://hh.ru/vacancy/120319031
119905282,IT Analyst,Altenar,0,От 3 до 6 лет,https://hh.ru/vacancy/119905282
119903094,Системный дата-аналитик,Rubytech,0,От 3 до 6 лет,https://hh.ru/vacancy/119903094
115555680,Product analyst (Цифровые продукты),СберЗдоровье,0,От 1 года до 3 лет,https://hh.ru/vacancy/115555680
120527841,Senior Big Data Engineer (Data Management Platform),Lamoda Tech,0,От 3 до 6 лет,https://hh.ru/vacancy/120527841
119553033,Аналитик исследований (BI),BI Consult,0,От 3 до 6 лет,https://hh.ru/vacancy/119553033
120527809,Лид команды продуктовой аналитики,VK,0,Более 6 лет,https://hh.ru/vacancy/120527809
119731668,Lead AI Engineer / Data Scientist,Газпромнефть-Региональные продажи,0,Более 6 лет,https://hh.ru/vacancy/119731668
106351897,Middle Data Analyst,Леста Игры,0,От 1 года до 3 лет,https://hh.ru/vacancy/106351897
116563924,Middle/Senior Data Analyst,Честный знак.рф,0,От 1 года до 3 лет,https://hh.ru/vacancy/116563924
120415654,"Data Analyst ""Поиск"" (middle+/senior)",Okko,0,От 3 до 6 лет,https://hh.ru/vacancy/120415654
119235448,Главный эксперт (Аналитик службы управления надежностью),"СИБУР, Группа компаний",0,От 3 до 6 лет,https://hh.ru/vacancy/119235448
120722933,BI Developer (Qlik) / BI разработчик (Qlik),PLC.01,0,От 3 до 6 лет,https://hh.ru/vacancy/120722933
120292552,Senior Data Scientist в команду предиктивной аналитики,VK,0,От 3 до 6 лет,https://hh.ru/vacancy/120292552
120837543,"Senior Data Scientist (ML Pricing), Модели матчинга",Ozon,0,От 3 до 6 лет,https://hh.ru/vacancy/120837543
119834692,Аналитик Senior/ Team lead,metaLead,0,От 3 до 6 лет,https://hh.ru/vacancy/119834692
120086326,Аналитик доли Поиска,Яндекс,0,От 3 до 6 лет,https://hh.ru/vacancy/120086326
118800520,Senior/Middle Аналитик данных SQL / Data Аналитик,ИЦ АЙ-ТЕКО,0,От 3 до 6 лет,https://hh.ru/vacancy/118800520
117509393,Системный аналитик DWH (в офис),Neoflex,0,От 1 года до 3 лет,https://hh.ru/vacancy/117509393
120346064,"Руководитель команды продуктовых аналитиков, Мобильная платформа",X5 Tech,0,Более 6 лет,https://hh.ru/vacancy/120346064
120071256,Senior Data Scientist / старший аналитик-исследователь в команду ж/д,Туту,0,От 3 до 6 лет,https://hh.ru/vacancy/120071256
120333841,Системный аналитик (Big Data),Okko,0,От 3 до 6 лет,https://hh.ru/vacancy/120333841
119620105,Аналитик отчетных систем/ Аналитик DWH,Совкомбанк Технологии,0,От 1 года до 3 лет,https://hh.ru/vacancy/119620105
120702926,Senior Product Analyst,«UZUM TECHNOLOGIES»,0,От 3 до 6 лет,https://hh.ru/vacancy/120702926
119561660,Бизнес-аналитик (аналитика рыночных данных),ТЕВА,0,От 1 года до 3 лет,https://hh.ru/vacancy/119561660
119911300,Senior Data Analyst (Social Media),Лаборатория Касперского,0,От 3 до 6 лет,https://hh.ru/vacancy/119911300
120570649,Data Analyst\Аналитик данных,Nordgold,0,От 3 до 6 лет,https://hh.ru/vacancy/120570649
120575354,"Data Analyst ""Платформа экспериментов""",Okko,0,От 3 до 6 лет,https://hh.ru/vacancy/120575354
120411224,Системный аналитик DWH (Офисный формат),Neoflex,0,От 1 года до 3 лет,https://hh.ru/vacancy/120411224
118561772,Руководитель отдела аналитических данных (Data Science/Process Mining / Task Mining / BI),ЦТР НЕКСТ,0,От 1 года до 3 лет,https://hh.ru/vacancy/118561772
120203187,Системный аналитик (Битрикс 24),Цифровой аудит,0,От 3 до 6 лет,https://hh.ru/vacancy/120203187
118992085,Middle Rust Engineer,Lenkep recruitment,0,От 3 до 6 лет,https://hh.ru/vacancy/118992085
120643480,Data Engineer,ИЦ АЙ-ТЕКО,0,Более 6 лет,https://hh.ru/vacancy/120643480
117982112,Data Engineer (Ведущий инженер систем больших данных),X5 Tech,0,От 3 до 6 лет,https://hh.ru/vacancy/117982112
119846832,Data-аналитик,ИЦ АЙ-ТЕКО,0,От 3 до 6 лет,https://hh.ru/vacancy/119846832
120411714,Системный аналитик DWH (Офисный формат),Neoflex,0,От 1 года до 3 лет,https://hh.ru/vacancy/120411714
119699184,Разработчик Fine BI,BI Consult,0,От 1 года до 3 лет,https://hh.ru/vacancy/119699184
117334495,Системный аналитик DWH (офис),Neoflex,0,От 1 года до 3 лет,https://hh.ru/vacancy/117334495
120425447,TeamLead команды продуктовой аналитики,2ГИС,0,От 3 до 6 лет,https://hh.ru/vacancy/120425447
119299756,Аналитик данных,Nordgold,0,От 3 до 6 лет,https://hh.ru/vacancy/119299756
120693509,Senior Data Scientist в команду аналитики профилей в AI VK,VK,0,От 1 года до 3 лет,https://hh.ru/vacancy/120693509
120373276,Senior Data scientist / Старший эконометрист,Okkam,0,От 3 до 6 лет,https://hh.ru/vacancy/120373276
120895257,Senior product analyst (A/B тесты),«UZUM TECHNOLOGIES»,0,От 3 до 6 лет,https://hh.ru/vacancy/120895257
119839862,Lead Product Analyst,СберЗдоровье,0,От 3 до 6 лет,https://hh.ru/vacancy/119839862
117823993,Разработчик баз данных (MS SQL),Lime Credit Group,0,От 3 до 6 лет,https://hh.ru/vacancy/117823993
119278874,Data Engineer,Кидс Аппс,0,От 3 до 6 лет,https://hh.ru/vacancy/119278874
117912803,Главный специалист развития процессов и риск-технологий (BI - аналитик),СберЛизинг,0,От 1 года до 3 лет,https://hh.ru/vacancy/117912803
120125250,"Data Scientist (классический ML, Антифрод)",Житняков Денис,0,От 3 до 6 лет,https://hh.ru/vacancy/120125250
116769231,Старший продуктовый аналитик,Лига Ставок,0,От 3 до 6 лет,https://hh.ru/vacancy/116769231
120062460,MLops/Data Engineer,Bell Integrator Регионы,0,От 1 года до 3 лет,https://hh.ru/vacancy/120062460
116376738,Data scientist,AMarkets,0,От 3 до 6 лет,https://hh.ru/vacancy/116376738
106795586,Senior Data Analyst,Звук,0,От 3 до 6 лет,https://hh.ru/vacancy/106795586
117823994,Разработчик баз данных (MS SQL),Lime Credit Group,0,От 3 до 6 лет,https://hh.ru/vacancy/117823994
120415704,"Data Analyst ""Поиск"" (middle+/senior)",Okko,0,От 3 до 6 лет,https://hh.ru/vacancy/120415704
119353582,Системный аналитик DWH (в офис),Neoflex,0,От 1 года до 3 лет,https://hh.ru/vacancy/119353582
121064506,Аналитик по управлению данными (data governance),HeadHunter,0,От 3 до 6 лет,https://hh.ru/vacancy/121064506
119332755,Data Scientist (Senior),ПКО АйДи Коллект,0,От 3 до 6 лет,https://hh.ru/vacancy/119332755
120655579,AI-СПЕЦИАЛИСТ (Data Scientist + ML Engineer),ТендерПроКонсалт,0,От 3 до 6 лет,https://hh.ru/vacancy/120655579
118661677,Аналитик на разработку систем анализа больших данных,Национальный исследовательский университет Высшая школа экономики,0,От 1 года до 3 лет,https://hh.ru/vacancy/118661677
120180174,Архитектор программного обеспечения (Платформа ИИ),Кронослаб,0,Более 6 лет,https://hh.ru/vacancy/120180174
120575378,"Data Analyst ""Платформа экспериментов""",Okko,0,От 3 до 6 лет,https://hh.ru/vacancy/120575378
119958842,"Senior Data Analyst (""Рекомендации"")",Okko,0,От 3 до 6 лет,https://hh.ru/vacancy/119958842
119820318,Team Lead команды продуктовой аналитики в Поиск,VK,0,От 3 до 6 лет,https://hh.ru/vacancy/119820318
118605376,Senior ML-инженер (Recommendation Systems),WILDBERRIES,0,От 3 до 6 лет,https://hh.ru/vacancy/118605376
120378017,"Старший системный аналитик (SCADA, Qgis)",ГКУ Инфогород,0,От 3 до 6 лет,https://hh.ru/vacancy/120378017
112305104,Руководитель команды Data Science в AI VK,VK,0,От 3 до 6 лет,https://hh.ru/vacancy/112305104
118785641,Senior Data Engineer,Rusprofile,0,От 3 до 6 лет,https://hh.ru/vacancy/118785641
120238182,Системный аналитик DWH (отчетность ЦБ),Neoflex,0,От 3 до 6 лет,https://hh.ru/vacancy/120238182
116059420,Эксперт BI Visiology (Data Engineer),НОВАТЭК,0,Более 6 лет,https://hh.ru/vacancy/116059420
119377776,Senior ML Engineer / Data scientist (Ведущий ML-инженер),Инфосистемы Джет,0,От 3 до 6 лет,https://hh.ru/vacancy/119377776
119277888,Senior Data Scientist (NLP ML Autotasking),АВИТО ТЕХ,0,От 3 до 6 лет,https://hh.ru/vacancy/119277888
119531163,Team Lead Product Analytics,Звук,0,От 3 до 6 лет,https://hh.ru/vacancy/119531163
113763738,"Senior Data Scientist (NLP, LLM, VLM), Модели матчинга",Ozon,0,От 3 до 6 лет,https://hh.ru/vacancy/113763738
119961243,"Senior Data Analyst (""Рекомендации"")",Okko,0,От 3 до 6 лет,https://hh.ru/vacancy/119961243
119961214,Senior Data Scientist (Rec. system),Okko,0,От 3 до 6 лет,https://hh.ru/vacancy/119961214
120038309,Techlead/Senior Analyst,Coleman Group,0,От 3 до 6 лет,https://hh.ru/vacancy/120038309
120487495,Администратор баз данных,Мегаполис,0,От 3 до 6 лет,https://hh.ru/vacancy/120487495
120563391,Senior MLE в Speech-Lab,Контур,0,От 3 до 6 лет,https://hh.ru/vacancy/120563391
120462986,Team Lead Data Scientist,Циан,0,От 3 до 6 лет,https://hh.ru/vacancy/120462986
119739188,Senior Data Scientist/Data Analyst на продукт Ценообразование,X5 Tech,0,Более 6 лет,https://hh.ru/vacancy/119739188
120619012,Senior Data Scientist/ML Engineer в команду Чековой аналитики,X5 Tech,0,Более 6 лет,https://hh.ru/vacancy/120619012
120537573,Руководитель направления маркетинговой аналитики,Звук,0,Более 6 лет,https://hh.ru/vacancy/120537573
115144362,Team Lead Data Scientist,Циан,0,От 3 до 6 лет,https://hh.ru/vacancy/115144362
119950519,Аналитик в дизайн-платформу yellowbe (SEO в дизайн-системе),билайн,0,От 3 до 6 лет,https://hh.ru/vacancy/119950519
120412031,Продуктовый аналитик,HeadHunter,0,От 1 года до 3 лет,https://hh.ru/vacancy/120412031
117704951,Senior Data Scientist (Search & Recommendation),Циан,0,От 3 до 6 лет,https://hh.ru/vacancy/117704951
119961233,Senior Data Scientist (Rec. system),Okko,0,От 3 до 6 лет,https://hh.ru/vacancy/119961233
112695206,Middle+ Product analyst (seller experience),Циан,0,От 3 до 6 лет,https://hh.ru/vacancy/112695206
118971562,Team Lead RND / Senior Data Scientist NLP,СберПраво,0,От 3 до 6 лет,https://hh.ru/vacancy/118971562
116084385,Senior Data Scientist в команду LLM-разметки в AI VK,VK,0,От 3 до 6 лет,https://hh.ru/vacancy/116084385
120480465,Продуктовый аналитик в продукт AILab,HeadHunter,0,От 3 до 6 лет,https://hh.ru/vacancy/120480465
117726080,Старший продуктовый аналитик в направление Публикации,HeadHunter,0,От 3 до 6 лет,https://hh.ru/vacancy/117726080
120704535,Лид продуктовой аналитики,HeadHunter,0,От 3 до 6 лет,https://hh.ru/vacancy/120704535
121124593,Специалист по работе с данными / аналитик данных / дата инженер / BI-аналитик,"КРИСТАЛЛ, ОКБ",0,От 1 года до 3 лет,https://hh.ru/vacancy/121124593
